,Age,Year,Total_Purchases,Amount,Total_Amount,Ratings
count,301837.0,301660.0,301649.0,301653.0,301660.0,301826.0
mean,35.481326013709385,2023.1651130411722,5.359729354315777,255.16365896284475,1367.651155624031,3.1626698826476183
std,15.021932528498109,0.3712831558021409,2.8685746269423364,141.38964008754698,1128.9985145052367,1.3208272247397612
min,18.0,2023.0,1.0,10.00021923,10.00374959,1.0
25%,22.0,2023.0,3.0,132.8907641,438.724278475,2.0
50%,32.0,2023.0,5.0,255.4709688,1041.1175465000001,3.0
75%,46.0,2023.0,8.0,377.672606,2029.99985325,4.0
max,70.0,2024.0,10.0,499.997911,4999.625796,5.0
